Tier,FICO,Approve Date,Term,Amount,Car  Type,Competition rate,Accept?,Rate,Cost of Funds,Partner Bin
3,695,7/1/02,72,35000,N,6.25,0,7.49,1.8388,1
1,751,7/1/02,60,40000,N,5.65,0,5.49,1.8388,3
1,731,7/1/02,60,18064,N,5.65,0,5.49,1.8388,3
4,652,7/1/02,72,15415,N,6.25,0,8.99,1.8388,3
1,730,7/1/02,48,32000,N,5.65,0,5.49,1.8388,1
2,725,7/1/02,36,10000,N,4.95,0,5.79,1.8388,3
1,808,7/1/02,72,19000,N,6.25,0,6.59,1.8388,3
1,779,7/1/02,48,25000,U,5.85,0,5.85,1.8388,3
4,664,7/1/02,72,7500,N,6.25,0,8.99,1.8388,3
2,706,7/1/02,60,22000,N,5.65,0,5.79,1.8388,3
4,666,7/1/02,60,13000,N,5.65,0,7.99,1.8388,3
2,712,7/1/02,48,16000,N,5.65,0,5.79,1.8388,1
1,733,7/1/02,48,23619,N,5.65,0,4.85,1.8388,1
1,746,7/1/02,48,11500,U,5.85,0,5.85,1.8388,1
3,680,7/1/02,72,37000,N,6.25,0,7.49,1.8388,3
1,752,7/1/02,72,16000,N,6.25,0,6.59,1.8388,1
2,719,7/1/02,60,21000,N,5.65,0,5.79,1.8388,3
1,730,7/1/02,60,17603,N,5.65,0,5.49,1.8388,3
2,710,7/1/02,60,20000,N,5.65,0,5.79,1.8388,3
3,696,7/1/02,60,21000,N,5.65,0,6.99,1.8388,3
2,708,7/1/02,72,40000,N,6.25,0,6.99,1.8388,1
3,694,7/1/02,60,24000,N,5.65,0,6.99,1.8388,3
1,731,7/1/02,72,30000,N,6.25,0,6.59,1.8388,3
3,672,7/1/02,72,20000,U,6.45,0,7.69,1.8388,3
3,696,7/1/02,36,10000,N,4.95,0,6.99,1.8388,3
1,743,7/1/02,60,16800,N,5.65,0,5.49,1.8388,3
2,708,7/1/02,60,46000,N,5.65,0,5.79,1.8388,3
1,743,7/1/02,36,19100,N,4.95,1,4.85,1.8388,1
4,644,7/1/02,48,21500,N,5.65,0,7.99,1.8388,1
1,770,7/1/02,72,28000,N,6.25,0,6.59,1.8388,1
3,683,7/1/02,72,21000,N,6.25,0,7.49,1.8388,3
2,715,7/1/02,60,21000,U,5.85,0,6.19,1.8388,1
1,779,7/1/02,48,20000,N,5.65,0,5.49,1.8388,3
3,693,7/1/02,60,21000,N,5.65,0,6.99,1.8388,1
3,672,7/1/02,48,15000,N,5.65,0,6.99,1.8388,3
1,749,7/1/02,72,35000,N,6.25,0,6.59,1.8388,3
1,752,7/1/02,60,36460.08,N,5.65,1,5.49,1.8388,1
1,778,7/1/02,48,12000,U,5.85,1,5.85,1.8388,3
2,707,7/1/02,72,30000,N,6.25,0,6.99,1.8388,3
2,715,7/1/02,60,29000,N,5.65,0,5.79,1.8388,3
2,725,7/1/02,60,26000,N,5.65,0,5.79,1.8388,3
2,703,7/1/02,36,17500,N,4.95,0,5.79,1.8388,1
1,791,7/1/02,48,18000,N,5.65,0,5.49,1.8388,3
2,724,7/1/02,60,19290,N,5.65,1,5.39,1.8388,3
2,700,7/1/02,60,13000,N,5.65,0,5.79,1.8388,1
1,736,7/1/02,60,20000,N,5.65,0,5.49,1.8388,1
3,695,7/1/02,66,48350,N,6.25,0,7.49,1.8388,3
4,654,7/1/02,72,20000,N,6.25,0,8.99,1.8388,1
1,732,7/1/02,60,18000,N,5.65,0,5.49,1.8388,3
3,675,7/1/02,60,30000,N,5.65,0,6.99,1.8388,1
2,704,7/1/02,36,30000,N,4.95,0,5.79,1.8388,3
1,775,7/1/02,60,27000,N,5.65,0,5.49,1.8388,1
1,793,7/1/02,60,17000,N,5.65,0,5.49,1.8388,1
2,722,7/1/02,72,33000,N,6.25,0,6.99,1.8388,1
2,700,7/1/02,72,24461.12,N,6.25,1,6.99,1.8388,3
1,758,7/1/02,60,28000,N,5.65,0,5.49,1.8388,3
1,756,7/1/02,66,12251,U,6.45,1,6.49,1.8388,1
1,758,7/1/02,60,21000,N,5.65,0,5.49,1.8388,3
2,716,7/1/02,36,11822,N,4.95,0,5.79,1.8388,1
4,660,7/1/02,72,28500,N,6.25,0,8.99,1.8388,1
1,766,7/1/02,60,25000,N,5.65,0,5.49,1.8388,1
1,824,7/1/02,72,37000,N,6.25,0,6.59,1.8388,1
3,676,7/1/02,60,25000,N,5.65,0,6.99,1.8388,1
2,718,7/1/02,72,30230,N,6.25,0,6.99,1.8388,1
1,765,7/1/02,48,23000,N,5.65,0,5.49,1.8388,1
1,766,7/1/02,72,45000,N,6.25,0,6.59,1.8388,3
3,676,7/1/02,72,30000,N,6.25,0,7.49,1.8388,3
1,739,7/1/02,36,32000,N,4.95,0,4.85,1.8388,1
2,708,7/1/02,72,27925,N,6.25,0,6.99,1.8388,3
3,695,7/1/02,72,30000,N,6.25,0,7.49,1.8388,3
1,783,7/1/02,36,30000,N,4.95,0,4.85,1.8388,1
1,773,7/1/02,60,50000,N,5.65,0,5.49,1.8388,1
3,673,7/1/02,48,17500,N,5.65,0,6.99,1.8388,1
1,758,7/1/02,72,50000,N,6.25,0,6.59,1.8388,3
4,663,7/1/02,60,33000,N,5.65,0,7.99,1.8388,1
4,648,7/1/02,72,26000,N,6.25,0,8.99,1.8388,1
1,746,7/1/02,60,25000,N,5.65,0,5.49,1.8388,3
4,647,7/1/02,36,13960,N,4.95,0,7.99,1.8388,3
2,719,7/1/02,60,26000,N,5.65,0,5.79,1.8388,1
4,658,7/1/02,60,18888.75,U,5.85,1,7.99,1.8388,1
3,680,7/1/02,60,30586,N,5.65,0,6.99,1.8388,3
3,687,7/1/02,60,34000,N,5.65,0,6.99,1.8388,1
4,646,7/3/02,66,15000,N,6.25,0,8.99,1.8388,1
1,766,7/1/02,72,10555.49,U,6.45,1,6.69,1.8388,1
2,703,7/1/02,72,26294,N,6.25,0,6.24,1.8388,1
1,779,7/1/02,72,20011.59,N,6.25,1,6.59,1.8388,1
1,791,7/1/02,48,30000,N,5.65,0,5.49,1.8388,1
3,690,7/1/02,60,25000,N,5.65,0,6.99,1.8388,3
3,675,7/1/02,36,18000,N,4.95,0,6.99,1.8388,3
1,739,7/1/02,60,45000,N,5.65,0,5.49,1.8388,3
1,797,7/1/02,60,30000,N,5.65,0,5.49,1.8388,3
4,657,7/1/02,60,39000,N,5.65,0,7.99,1.8388,1
1,779,7/1/02,72,56685,N,6.25,0,6.59,1.8388,1
4,641,7/1/02,72,33000,N,6.25,0,8.99,1.8388,3
1,764,7/1/02,60,35000,U,5.85,0,5.85,1.8388,3
2,701,7/1/02,60,16510,U,5.85,1,6.19,1.8388,1
1,779,7/1/02,36,30000,N,4.95,0,4.85,1.8388,3
3,696,7/1/02,48,24915,N,5.65,0,6.99,1.8388,3
1,758,7/1/02,60,44021.44,N,5.65,1,5.49,1.8388,1
2,729,7/1/02,48,25000,N,5.65,0,5.79,1.8388,1
2,728,7/1/02,48,35000,N,5.65,0,5.79,1.8388,1
1,734,7/1/02,60,27000,U,5.85,0,5.85,1.8388,1
4,648,7/1/02,48,34721,N,5.65,0,7.99,1.8388,1
4,642,7/1/02,48,17821,N,5.65,0,7.99,1.8388,3
4,655,7/1/02,60,33000,N,5.65,0,7.99,1.8388,1
1,731,7/1/02,60,33000,N,5.65,0,5.49,1.8388,1
2,717,7/1/02,60,42000,N,5.65,0,5.79,1.8388,3
1,749,7/1/02,36,26000,N,4.95,0,4.85,1.8388,1
1,759,7/1/02,48,28000,N,5.65,0,5.49,1.8388,1
1,731,7/1/02,60,17500,U,5.85,0,5.85,1.8388,1
4,662,7/1/02,60,26500,N,5.65,0,7.99,1.8388,3
4,661,7/1/02,48,9738.55,U,5.85,1,7.99,1.8388,2
1,738,7/1/02,60,32000,N,5.65,0,5.49,1.8388,3
1,768,7/1/02,72,38000,N,6.25,0,6.59,1.8388,3
1,783,7/1/02,36,18000,N,4.95,0,4.85,1.8388,1
1,763,7/1/02,36,31000,N,4.95,0,4.85,1.8388,3
2,720,7/1/02,72,31000,N,6.25,0,6.99,1.8388,1
2,711,7/1/02,60,31000,N,5.65,0,5.79,1.8388,1
2,705,7/1/02,60,38000,N,5.65,0,5.79,1.8388,1
2,723,7/1/02,36,21000,N,4.95,0,5.79,1.8388,3
1,752,7/3/02,72,65000,N,6.25,0,6.59,1.8388,3
1,745,7/1/02,36,25000,U,5.45,0,5.49,1.8388,3
3,693,7/1/02,72,31066,N,6.25,0,7.49,1.8388,3
3,679,7/1/02,72,55000,N,6.25,0,7.49,1.8388,3
1,747,7/1/02,72,40000,N,6.25,0,6.59,1.8388,3
1,786,7/1/02,48,22150,N,5.65,0,5.49,1.8388,3
3,699,7/1/02,66,31500,N,6.25,0,7.49,1.8388,1
1,756,7/1/02,36,15898,U,5.45,0,5.49,1.8388,3
1,746,7/1/02,60,34000,N,5.65,0,5.49,1.8388,1
2,725,7/1/02,72,30000,N,6.25,0,6.99,1.8388,3
2,724,7/1/02,72,26000,N,6.25,0,6.99,1.8388,1
2,722,7/1/02,60,50000,N,5.65,0,5.79,1.8388,1
2,729,7/1/02,48,35114,N,5.65,0,5.79,1.8388,1
4,659,7/1/02,72,46000,N,6.25,0,8.99,1.8388,3
1,776,7/1/02,36,30000,N,4.95,0,4.85,1.8388,1
3,692,7/1/02,48,35000,N,5.65,0,6.99,1.8388,3
2,707,7/1/02,36,29000,N,4.95,0,5.79,1.8388,3
2,705,7/1/02,60,13024.26,U,5.85,1,6.19,1.8388,2
1,733,7/1/02,72,35000,U,6.45,0,6.69,1.8388,3
1,779,7/1/02,60,10000,U,5.85,1,5.85,1.8388,1
1,761,7/1/02,60,28000,N,5.65,0,5.49,1.8388,1
1,747,7/1/02,48,35000,N,5.65,0,5.49,1.8388,1
1,748,7/1/02,60,27000,N,5.65,0,5.49,1.8388,3
3,683,7/1/02,72,30000,N,6.25,0,7.49,1.8388,3
1,748,7/1/02,72,37500,U,6.45,0,6.69,1.8388,1
1,774,7/1/02,60,35000,N,5.65,0,5.49,1.8388,2
2,705,7/1/02,60,32000,N,5.65,0,5.79,1.8388,3
2,703,7/1/02,72,18000,N,6.25,0,6.99,1.8388,1
1,760,7/1/02,48,26000,N,5.65,0,5.49,1.8388,1
2,710,7/1/02,36,30000,N,4.95,0,5.79,1.8388,1
3,698,7/1/02,48,20000,N,5.65,0,6.99,1.8388,3
4,641,7/1/02,36,14094,N,4.95,0,7.99,1.8388,3
1,771,7/1/02,72,25683,N,6.25,0,6.59,1.8388,1
2,709,7/1/02,60,48000,N,5.65,0,5.79,1.8388,3
1,785,7/1/02,60,45000,N,5.65,0,5.49,1.8388,1
4,653,7/1/02,60,39000,N,5.65,1,7.99,1.8388,3
1,731,7/1/02,36,40000,N,4.95,0,4.85,1.8388,1
1,788,7/1/02,60,36921,N,5.65,0,5.49,1.8388,1
1,799,7/1/02,60,33729,N,5.65,0,5.49,1.8388,1
2,701,7/1/02,72,28506.1,N,6.25,1,6.99,1.8388,3
1,787,7/1/02,48,32000,N,5.65,0,5.49,1.8388,3
1,751,7/1/02,72,40000,N,6.25,0,6.59,1.8388,1
1,743,7/1/02,48,11175,N,5.65,0,5.49,1.8388,1
4,658,7/1/02,72,25000,N,6.25,0,8.99,1.8388,3
2,717,7/1/02,60,35960,U,5.85,0,6.19,1.8388,3
3,699,7/1/02,72,29000,U,6.45,0,7.69,1.8388,3
4,664,7/1/02,72,32500,N,6.25,0,8.99,1.8388,1
3,670,7/1/02,60,24386,N,5.65,0,6.99,1.8388,3
3,691,7/1/02,72,37175,N,6.25,0,7.49,1.8388,1
1,787,7/1/02,36,35000,N,4.95,0,4.85,1.8388,1
1,758,7/1/02,60,26000,N,5.65,0,5.49,1.8388,3
2,726,7/1/02,60,40000,N,5.65,0,5.79,1.8388,1
2,714,7/1/02,60,30893,N,5.65,0,5.79,1.8388,3
4,662,7/1/02,60,58827,N,5.65,0,7.99,1.8388,1
1,791,7/1/02,72,18861.3,U,6.45,1,6.69,1.8388,1
1,774,7/1/02,60,30000,N,5.65,0,5.49,1.8388,2
3,688,7/1/02,60,45000,N,5.65,0,6.99,1.8388,3
1,753,7/3/02,72,53975,N,6.25,0,6.59,1.8388,1
4,666,7/1/02,72,29133,N,6.25,0,8.99,1.8388,1
4,649,7/1/02,72,47000,N,6.25,0,8.99,1.8388,3
1,754,7/1/02,60,33206.25,N,5.65,1,5.49,1.8388,1
2,721,7/1/02,60,36315,N,5.65,0,5.79,1.8388,1
1,732,7/1/02,72,35000,N,6.25,0,6.59,1.8388,1
1,755,7/1/02,72,30000,N,6.25,0,6.59,1.8388,3
1,737,7/1/02,60,30000,N,5.65,0,5.49,1.8388,1
3,677,7/1/02,72,23000,N,6.25,0,7.49,1.8388,3
1,799,7/1/02,60,38000,N,5.65,0,5.49,1.8388,3
1,782,7/1/02,36,25000,N,4.95,0,4.85,1.8388,1
1,734,7/1/02,60,40000,N,5.65,0,5.49,1.8388,1
4,657,7/2/02,72,20000,N,6.25,0,8.99,1.8388,3
3,676,7/2/02,72,45000,N,6.25,0,6.64,1.8388,1
2,700,7/2/02,60,16500,U,5.85,1,6.19,1.8388,2
4,655,7/2/02,60,27378,N,5.65,0,7.99,1.8388,3
3,685,7/2/02,60,35000,N,5.65,0,6.99,1.8388,1
2,716,7/2/02,36,39333,N,4.95,0,5.79,1.8388,1
3,687,7/2/02,60,25000,N,5.65,0,6.99,1.8388,3
1,751,7/2/02,60,32000,N,5.65,0,5.49,1.8388,3
1,791,7/2/02,60,42000,N,5.65,0,5.49,1.8388,3
1,742,7/2/02,60,30500,U,5.85,0,5.85,1.8388,1
2,702,7/2/02,72,38500,N,6.25,0,6.99,1.8388,2
1,805,7/2/02,48,25000,N,5.65,0,5.49,1.8388,2
1,788,7/2/02,60,40000,N,5.65,0,5.49,1.8388,1
4,644,7/2/02,60,29865,N,5.65,0,7.99,1.8388,3
2,710,7/2/02,60,48000,N,5.65,0,5.79,1.8388,2
1,774,7/2/02,60,35000,N,5.65,0,5.49,1.8388,2
3,681,7/2/02,72,21500,N,6.25,0,7.49,1.8388,3
2,722,7/2/02,72,40000,N,6.25,0,6.99,1.8388,3
2,721,7/2/02,60,30000,N,5.65,0,5.79,1.8388,1
2,707,7/2/02,60,24946.69,N,5.65,1,5.79,1.8388,3
1,815,7/2/02,60,35000,N,5.65,0,5.49,1.8388,3
1,748,7/2/02,36,20933,N,4.95,0,4.85,1.8388,3
2,706,7/2/02,60,30000,N,5.65,0,5.79,1.8388,1
1,784,7/2/02,36,20000,N,4.95,0,4.85,1.8388,3
3,673,7/2/02,60,19757,N,5.65,0,6.99,1.8388,3
3,683,7/2/02,72,20520,N,6.25,0,7.49,1.8388,1
4,654,7/2/02,72,26168,N,6.25,0,8.19,1.8388,3
3,679,7/2/02,72,39000,N,6.25,1,7.49,1.8388,1
2,719,7/2/02,48,23500,N,5.65,0,5.79,1.8388,1
3,673,7/2/02,72,12000,N,6.25,0,7.49,1.8388,3
1,782,7/2/02,48,24000,U,5.85,0,5.85,1.8388,1
1,811,7/2/02,36,17826,U,5.45,0,5.49,1.8388,1
1,764,7/2/02,72,45000,N,6.25,0,6.59,1.8388,1
3,672,7/2/02,60,27000,N,5.65,0,6.99,1.8388,3
1,777,7/2/02,60,16986.9,U,5.85,1,5.85,1.8388,2
1,757,7/2/02,72,28500,N,6.25,0,6.59,1.8388,3
3,676,7/2/02,72,32000,N,6.25,0,7.49,1.8388,1
4,669,7/2/02,72,30000,N,6.25,0,8.99,1.8388,3
2,711,7/2/02,72,38000,N,6.25,0,6.99,1.8388,1
1,795,7/2/02,60,23000,N,5.65,0,5.49,1.8388,3
1,743,7/2/02,72,30254,N,6.25,0,6.59,1.8388,3
1,812,7/2/02,60,25000,N,5.65,0,5.49,1.8388,1
1,754,7/2/02,72,40710,U,6.45,0,6.69,1.8388,1
1,765,7/2/02,60,23337.43,U,5.85,1,5.85,1.8388,2
3,698,7/2/02,72,46862.36,U,6.45,1,7.69,1.8388,1
1,759,7/2/02,48,30000,N,5.65,0,5.49,1.8388,1
2,708,7/2/02,60,32872,N,5.65,0,5.79,1.8388,3
2,722,7/2/02,36,48000,N,4.95,0,5.79,1.8388,1
4,653,7/2/02,48,19048,U,5.85,0,7.99,1.8388,3
2,722,7/2/02,48,17500,N,5.65,0,5.79,1.8388,3
1,739,7/2/02,36,22597.47,N,4.95,1,4.85,1.8388,1
3,675,7/2/02,60,18000,U,5.85,1,7.29,1.8388,1
3,684,7/2/02,60,39000,N,5.65,0,6.99,1.8388,1
1,733,7/2/02,72,36889.5,N,6.25,1,6.59,1.8388,3
3,674,7/2/02,60,28000,N,5.65,0,6.99,1.8388,3
4,650,7/2/02,36,22000,N,4.95,0,7.99,1.8388,3
1,775,7/2/02,72,42000,N,6.25,0,6.59,1.8388,1
1,783,7/2/02,36,18223,N,4.95,0,4.85,1.8388,1
1,763,7/2/02,60,45000,N,5.65,0,5.49,1.8388,3
1,807,7/2/02,36,20000,N,4.95,0,4.85,1.8388,1
1,772,7/2/02,60,25000,N,5.65,0,5.49,1.8388,1
1,741,7/2/02,60,17372.78,N,5.65,1,5.59,1.8388,2
1,827,7/2/02,72,31000,U,6.45,0,6.69,1.8388,3
1,740,7/2/02,60,37000,N,5.65,0,5.49,1.8388,3
1,748,7/2/02,36,43000,N,4.95,0,4.85,1.8388,3
1,791,7/2/02,60,38000,N,5.65,0,5.49,1.8388,3
3,680,7/2/02,72,26000,N,6.25,0,7.49,1.8388,1
3,680,7/2/02,60,27000,N,5.65,0,6.99,1.8388,1
3,686,7/2/02,72,27502,N,6.25,0,7.49,1.8388,3
3,693,7/2/02,60,31000,N,5.65,0,6.99,1.8388,1
4,643,7/2/02,60,21160,U,5.85,0,7.99,1.8388,1
4,653,7/2/02,48,17007,N,5.65,0,7.99,1.8388,3
1,730,7/2/02,60,33000,N,5.65,0,5.39,1.8388,1
1,787,7/2/02,36,50000,N,4.95,0,4.85,1.8388,3
2,705,7/2/02,72,40000,N,6.25,0,6.99,1.8388,1
4,651,7/2/02,72,38000,N,6.25,0,8.99,1.8388,3
1,781,7/2/02,48,41000,N,5.65,0,5.49,1.8388,1
1,746,7/2/02,60,33000,N,5.65,0,5.49,1.8388,2
4,644,7/2/02,60,37000,N,5.65,0,7.99,1.8388,3
1,794,7/2/02,60,50000,N,5.65,0,5.49,1.8388,1
2,714,7/2/02,60,24303,N,5.65,0,5.79,1.8388,1
1,772,7/2/02,48,21000,U,5.85,0,5.85,1.8388,1
4,669,7/2/02,72,18800,N,6.25,0,8.99,1.8388,1
2,726,7/2/02,60,35000,N,5.65,0,5.79,1.8388,3
2,703,7/2/02,60,30028,N,5.65,0,5.79,1.8388,2
4,669,7/2/02,60,57500,N,5.65,0,7.99,1.8388,3
4,668,7/2/02,60,65000,N,5.65,0,7.99,1.8388,3
1,767,7/2/02,48,17500,N,5.65,0,5.49,1.8388,3
4,646,7/2/02,72,21641,N,6.25,0,8.99,1.8388,3
4,667,7/2/02,48,25196,N,5.65,0,7.99,1.8388,3
1,740,7/2/02,72,35000,U,6.45,0,6.69,1.8388,1
1,768,7/3/02,72,40000,N,6.25,0,6.59,1.8388,1
1,809,7/2/02,48,27800,N,5.65,0,5.49,1.8388,3
4,644,7/2/02,72,12500,N,6.25,0,8.99,1.8388,1
1,753,7/2/02,72,30000,U,6.45,0,6.69,1.8388,3
1,751,7/2/02,36,9117,U,5.45,0,5.49,1.8388,3
1,780,7/2/02,72,35501,N,6.25,0,6.59,1.8388,1
4,640,7/2/02,72,32587,N,6.25,0,8.99,1.8388,1
1,747,7/2/02,60,34000,N,5.65,0,5.49,1.8388,1
1,737,7/2/02,60,17042.69,N,5.65,1,5.49,1.8388,1
4,664,7/2/02,48,27654,N,5.65,0,7.99,1.8388,1
3,682,7/2/02,66,48438,N,6.25,0,7.49,1.8388,3
1,738,7/2/02,72,37868,N,6.25,0,6.59,1.8388,1
2,705,7/2/02,72,25000,N,6.25,0,6.99,1.8388,3
2,723,7/2/02,60,25333,N,5.65,0,5.79,1.8388,3
1,750,7/2/02,60,27000,N,5.65,0,5.49,1.8388,1
1,778,7/2/02,60,17201.32,U,5.85,1,5.85,1.8388,3
1,777,7/2/02,36,45000,N,4.95,0,4.85,1.8388,3
1,763,7/2/02,72,47000,N,6.25,0,6.59,1.8388,3
1,774,7/2/02,48,22000,N,5.65,0,5.49,1.8388,3
1,770,7/2/02,60,41000,N,5.65,0,5.49,1.8388,1
1,738,7/2/02,60,30000,N,5.65,0,5.49,1.8388,1
4,667,7/2/02,72,19000,N,6.25,0,8.99,1.8388,3
2,708,7/2/02,60,11369.33,U,5.85,1,6.19,1.8388,3
1,757,7/2/02,36,22500,N,4.95,0,4.85,1.8388,1
1,779,7/2/02,60,25000,N,5.65,0,5.49,1.8388,1
1,746,7/2/02,48,23000,N,5.65,0,5.49,1.8388,2
2,700,7/2/02,48,18830,N,5.65,0,4.89,1.8388,3
4,643,7/2/02,60,12807.9,U,5.85,1,7.99,1.8388,3
3,683,7/2/02,60,26752,N,5.65,0,6.99,1.8388,1
4,642,7/2/02,36,19500,U,5.45,0,7.99,1.8388,1
1,764,7/2/02,72,17597.01,U,6.45,1,6.69,1.8388,1
1,778,7/2/02,72,26000,U,6.45,0,6.69,1.8388,1
2,715,7/2/02,48,27268.89,N,5.65,1,5.79,1.8388,1
2,717,7/2/02,36,30000,N,4.95,0,5.79,1.8388,1
1,764,7/2/02,60,48000,N,5.65,0,5.49,1.8388,3
2,704,7/2/02,36,18000,N,4.95,0,5.79,1.8388,1
1,748,7/2/02,72,24000,U,6.45,0,6.69,1.8388,3
1,791,7/2/02,60,23912,N,5.65,0,5.49,1.8388,3
1,754,7/2/02,36,16288,N,4.95,0,4.73,1.8388,3
4,662,7/2/02,60,35097,U,5.85,0,7.99,1.8388,3
2,706,7/2/02,72,38000,N,6.25,0,6.99,1.8388,1
3,678,7/2/02,60,13650,U,5.85,1,7.29,1.8388,1
2,719,7/2/02,60,41000,N,5.65,0,5.79,1.8388,3
3,675,7/2/02,72,35000,U,6.45,1,7.69,1.8388,3
2,729,7/2/02,60,33000,N,5.65,0,5.79,1.8388,3
2,705,7/2/02,60,44640,N,5.65,0,4.89,1.8388,3
1,735,7/2/02,60,45000,N,5.65,0,5.49,1.8388,3
1,735,7/2/02,60,45000,N,5.65,0,5.49,1.8388,3
3,689,7/2/02,72,24886.88,N,6.25,1,7.49,1.8388,1
1,762,7/2/02,48,37000,N,5.65,0,5.49,1.8388,3
1,748,7/2/02,60,28000,N,5.65,0,5.49,1.8388,1
1,771,7/2/02,66,31378,N,6.25,0,6.29,1.8388,1
1,768,7/2/02,36,35000,N,4.95,0,4.85,1.8388,3
1,764,7/5/02,60,45000,N,5.65,0,5.49,1.84,1
3,696,7/2/02,60,35000,N,5.65,0,6.99,1.8388,1
2,723,7/2/02,60,32603,N,5.65,0,5.79,1.8388,3
1,748,7/2/02,60,40000,N,5.65,0,5.49,1.8388,3
1,772,7/2/02,48,30000,N,5.65,0,5.49,1.8388,1
1,778,7/2/02,60,30000,N,5.65,0,5.49,1.8388,3
2,704,7/2/02,60,27000,U,5.85,0,6.19,1.8388,3
3,685,7/2/02,48,35000,N,5.65,0,6.99,1.8388,3
2,726,7/2/02,60,7488.15,U,5.85,1,5.69,1.8388,3
1,780,7/2/02,60,19661.36,U,5.85,1,5.85,1.8388,2
1,751,7/2/02,60,25000,U,5.85,0,5.85,1.8388,1
1,773,7/2/02,36,6216.44,U,5.45,1,5.49,1.8388,3
4,640,7/2/02,72,37165.77,N,6.25,1,8.99,1.8388,1
3,682,7/2/02,60,21804.44,U,5.85,1,7.29,1.8388,2
2,729,7/2/02,60,22504.2,U,5.85,1,6.19,1.8388,1
1,752,7/2/02,48,42000,N,5.65,0,5.49,1.8388,3
1,746,7/2/02,60,26274,N,5.65,0,5.49,1.8388,2
1,807,7/2/02,60,32000,N,5.65,0,5.49,1.8388,3
4,663,7/2/02,72,20000,N,6.25,0,8.99,1.8388,3
2,721,7/2/02,72,35000,U,6.45,0,7.29,1.8388,3
2,720,7/2/02,72,28000,N,6.25,0,6.99,1.8388,1
1,764,7/2/02,60,29000,N,5.65,0,5.49,1.8388,3
4,667,7/2/02,36,27000,N,4.95,0,7.99,1.8388,2
3,696,7/2/02,60,40000,N,5.65,0,6.99,1.8388,1
1,801,7/2/02,36,25000,N,4.95,0,4.85,1.8388,1
2,702,7/2/02,60,22000,U,5.85,0,6.19,1.8388,3
1,770,7/2/02,60,26000,N,5.65,0,5.49,1.8388,3
1,774,7/2/02,72,23000,N,6.25,0,6.59,1.8388,1
1,789,7/2/02,60,29200,N,5.65,0,5.49,1.8388,1
1,775,7/2/02,60,35000,N,5.65,0,5.49,1.8388,3
3,672,7/2/02,60,23000,N,5.65,0,6.99,1.8388,3
2,700,7/2/02,60,30000,N,5.65,0,5.79,1.8388,3
3,670,7/2/02,48,25000,N,5.65,0,6.99,1.8388,3
1,787,7/2/02,60,46000,N,5.65,0,5.49,1.8388,1
2,705,7/2/02,60,35000,N,5.65,0,5.79,1.8388,3
1,751,7/2/02,60,27500,N,5.65,0,5.49,1.8388,3
3,692,7/2/02,66,33000,N,6.25,0,7.49,1.8388,3
1,775,7/2/02,48,20000,U,5.85,0,5.85,1.8388,1
1,751,7/2/02,48,30000,N,5.65,0,5.49,1.8388,3
2,705,7/2/02,72,24000,N,6.25,0,6.99,1.8388,1
1,739,7/2/02,72,15600,U,6.45,1,6.69,1.8388,1
1,820,7/2/02,66,25000,N,6.25,0,6.29,1.8388,3
3,684,7/3/02,72,24000,N,6.25,0,7.49,1.8388,3
1,772,7/2/02,36,7197.18,U,5.45,1,5.49,1.8388,1
1,807,7/2/02,72,17500,U,6.45,0,6.69,1.8388,1
4,642,7/2/02,60,35884,N,5.65,0,7.99,1.8388,3
4,660,7/2/02,60,63000,N,5.65,0,7.99,1.8388,1
1,731,7/2/02,36,17500,N,4.95,0,4.85,1.8388,1
1,730,7/2/02,60,35000,N,5.65,0,5.49,1.8388,3
1,793,7/2/02,60,25000,N,5.65,0,5.49,1.8388,3
1,752,7/2/02,48,23914,N,5.65,0,5.49,1.8388,1
1,798,7/2/02,60,24191,N,5.65,0,5.49,1.8388,1
1,753,7/2/02,48,23060,N,5.65,0,5.49,1.8388,1
3,694,7/2/02,48,10814,N,5.65,0,6.99,1.8388,3
4,664,7/2/02,48,15000,N,5.65,0,7.99,1.8388,1
1,809,7/2/02,60,40344,N,5.65,0,5.49,1.8388,3
1,770,7/2/02,48,30000,N,5.65,0,4.85,1.8388,3
1,731,7/2/02,72,27000,N,6.25,0,6.59,1.8388,3
1,752,7/2/02,36,7500,N,4.95,1,4.85,1.8388,1
2,708,7/2/02,60,30000,N,5.65,0,5.79,1.8388,3
3,670,7/2/02,72,17500,N,6.25,0,7.49,1.8388,3
4,663,7/2/02,72,39000,N,6.25,0,8.99,1.8388,3
3,689,7/3/02,48,30000,N,5.65,0,6.99,1.8388,3
1,756,7/3/02,66,42500,N,6.25,0,6.29,1.8388,3
2,713,7/3/02,72,48000,N,6.25,0,6.99,1.8388,1
3,672,7/3/02,60,23000,N,5.65,0,6.99,1.8388,1
2,703,7/3/02,60,30000,N,5.65,0,5.79,1.8388,3
1,809,7/3/02,60,30000,N,5.65,0,5.49,1.8388,3
1,747,7/3/02,60,10520.97,U,5.85,1,5.85,1.8388,3
1,770,7/3/02,36,21852,N,4.95,0,4.85,1.8388,3
1,763,7/3/02,72,18000,N,6.25,0,6.59,1.8388,3
2,726,7/3/02,60,21316,N,5.65,0,5.79,1.8388,3
2,720,7/3/02,60,26237,N,5.65,0,5.79,1.8388,2
3,697,7/3/02,72,21211,N,6.25,0,7.49,1.8388,3
4,660,7/3/02,48,21301,N,5.65,0,7.99,1.8388,3
2,709,7/3/02,60,31000,N,5.65,0,5.79,1.8388,1
1,798,7/3/02,60,39539,N,5.65,0,5.49,1.8388,3
1,773,7/3/02,36,17500,N,4.95,0,4.85,1.8388,3
1,787,7/3/02,72,25000,N,6.25,0,6.59,1.8388,3
2,704,7/3/02,60,28515,N,5.65,0,5.79,1.8388,3
1,757,7/3/02,60,19979.7,N,5.65,1,5.49,1.8388,1
3,672,7/3/02,72,49605,N,6.25,0,7.49,1.8388,3
3,684,7/3/02,60,39000,N,5.65,0,6.99,1.8388,1
1,770,7/3/02,60,32000,N,5.65,0,5.49,1.8388,1
3,699,7/3/02,72,20000,N,6.25,0,7.49,1.8388,1
1,783,7/3/02,36,36268,N,4.95,1,4.85,1.8388,1
3,687,7/3/02,48,33424,N,5.65,0,6.99,1.8388,3
4,665,7/3/02,66,24000,N,6.25,0,8.99,1.8388,1
1,781,7/3/02,48,13773,N,5.65,0,5.49,1.8388,3
2,720,7/3/02,60,31900,N,5.65,0,5.79,1.8388,1
1,776,7/3/02,48,28000,N,5.65,0,5.49,1.8388,1
4,662,7/3/02,72,27468,N,6.25,0,8.99,1.8388,1
3,676,7/3/02,72,27652,N,6.25,1,7.49,1.8388,3
3,693,7/3/02,60,25000,N,5.65,0,6.99,1.8388,3
4,646,7/3/02,72,13566.75,N,6.25,1,8.99,1.8388,1
1,765,7/3/02,36,19000,U,5.45,0,5.49,1.8388,3
4,667,7/3/02,72,25803,N,6.25,0,8.99,1.8388,3
3,696,7/3/02,60,17500,N,5.65,0,6.99,1.8388,1
3,681,7/3/02,60,40000,N,5.65,0,6.99,1.8388,3
1,781,7/3/02,48,24000,N,5.65,0,5.49,1.8388,3
1,772,7/3/02,60,22000,N,5.65,0,5.49,1.8388,3
3,694,7/3/02,60,22416,N,5.65,0,6.99,1.8388,3
1,764,7/3/02,48,36000,N,5.65,0,5.49,1.8388,3
1,747,7/3/02,60,27000,N,5.65,0,5.49,1.8388,1
1,733,7/3/02,72,35000,N,6.25,0,6.59,1.8388,3
1,745,7/3/02,60,24029.55,N,5.65,1,5.49,1.8388,3
1,748,7/3/02,48,9301.97,U,5.85,1,5.85,1.8388,1
3,697,7/3/02,72,25888,N,6.25,0,7.49,1.8388,3
1,771,7/3/02,60,22500,N,5.65,1,5.49,1.8388,1
1,771,7/3/02,72,27099,N,6.25,0,6.59,1.8388,1
3,679,7/3/02,60,45000,N,5.65,0,6.99,1.8388,3
2,722,7/3/02,60,30000,N,5.65,0,5.79,1.8388,3
1,741,7/3/02,48,17000,N,5.65,1,5.49,1.8388,3
2,722,7/3/02,60,43000,N,5.65,0,5.79,1.8388,1
4,654,7/3/02,48,40000,N,5.65,0,7.99,1.8388,3
4,655,7/3/02,72,20809,U,6.45,0,8.99,1.8388,1
1,731,7/3/02,60,45000,N,5.65,0,5.49,1.8388,3
3,695,7/3/02,48,48000,N,5.65,0,6.99,1.8388,3
1,791,7/3/02,36,35000,N,4.95,0,4.85,1.8388,3
2,719,7/3/02,48,17500,N,5.65,0,5.79,1.8388,1
1,779,7/3/02,60,27000,N,5.65,0,5.49,1.8388,3
3,678,7/3/02,60,12000,U,5.85,1,7.29,1.8388,2
3,693,7/3/02,36,20000,N,4.95,0,6.99,1.8388,3
3,699,7/3/02,60,33196.6,N,5.65,1,6.99,1.8388,3
4,662,7/3/02,60,22741.99,U,5.85,0,7.99,1.8388,2
2,712,7/3/02,48,52500,N,5.65,0,5.79,1.8388,3
1,766,7/3/02,60,26000,N,5.65,0,5.49,1.8388,2
1,748,7/3/02,48,27331,N,5.65,0,5.49,1.8388,1
1,769,7/3/02,60,25000,N,5.65,0,5.49,1.8388,1
1,739,7/3/02,60,28000,N,5.65,0,5.49,1.8388,1
1,758,7/3/02,48,30000,N,5.65,0,5.59,1.8388,2
2,710,7/3/02,36,25000,N,4.95,0,5.79,1.8388,3
1,759,7/3/02,72,33000,N,6.25,0,6.59,1.8388,1
2,710,7/3/02,60,21000,U,5.85,0,6.19,1.8388,1
2,724,7/3/02,60,17621.17,U,5.85,1,6.19,1.8388,2
3,682,7/3/02,60,31936,N,5.65,0,6.99,1.8388,3
1,742,7/3/02,72,31400,N,6.25,0,6.59,1.8388,3
4,649,7/3/02,72,20000,N,6.25,0,8.99,1.8388,3
1,797,7/3/02,48,30000,N,5.65,0,5.49,1.8388,1
1,769,7/3/02,36,12000,N,4.95,1,4.85,1.8388,1
2,710,7/3/02,60,30000,N,5.65,0,5.79,1.8388,3
1,762,7/3/02,60,65000,N,5.65,0,5.49,1.8388,3
3,671,7/3/02,60,26080,N,5.65,0,6.99,1.8388,3
3,682,7/3/02,72,19000,N,6.25,0,7.49,1.8388,3
3,671,7/3/02,72,35000,N,6.25,0,7.49,1.8388,1
1,740,7/3/02,60,13227.42,U,5.85,1,5.35,1.8388,3
4,665,7/3/02,60,17341,N,5.65,0,7.49,1.8388,2
1,733,7/3/02,36,19866,N,4.95,0,4.85,1.8388,2
4,656,7/3/02,72,32118.88,N,6.25,1,8.99,1.8388,3
1,789,7/3/02,48,30000,N,5.65,0,5.49,1.8388,1
1,771,7/3/02,60,34000,N,5.65,0,5.49,1.8388,3
1,781,7/3/02,72,45000,N,6.25,0,6.59,1.8388,1
1,785,7/3/02,60,19000,U,5.85,0,5.85,1.8388,3
2,719,7/3/02,60,28834,N,5.65,0,5.79,1.8388,3
2,714,7/3/02,72,34065,N,6.25,0,6.99,1.8388,3
3,681,7/3/02,72,38000,N,6.25,0,7.49,1.8388,1
1,767,7/3/02,60,25693,N,5.65,0,5.49,1.8388,1
3,690,7/3/02,60,31000,N,5.65,0,6.99,1.8388,1
1,757,7/3/02,60,23605.89,N,5.65,1,5.49,1.8388,1
1,829,7/3/02,36,20000,N,4.95,0,4.85,1.8388,1
2,709,7/3/02,60,25000,N,5.65,0,5.79,1.8388,1
4,655,7/3/02,72,37457,N,6.25,0,8.99,1.8388,3
2,703,7/3/02,72,42500,N,6.25,0,6.99,1.8388,1
1,770,7/3/02,60,35000,N,5.65,0,5.49,1.8388,1
2,720,7/3/02,48,40000,N,5.65,0,5.79,1.8388,3
1,804,7/3/02,48,44000,N,5.65,0,5.49,1.8388,3
1,774,7/3/02,66,31000,N,6.25,0,6.29,1.8388,1
2,721,7/3/02,36,39500,N,4.95,0,5.79,1.8388,1
1,774,7/3/02,36,25000,N,4.95,0,4.85,1.8388,1
4,667,7/3/02,72,11750,N,6.25,0,8.99,1.8388,3
4,648,7/3/02,66,19205,N,6.25,0,8.99,1.8388,3
3,671,7/4/02,72,20000,N,6.25,0,7.49,1.84,3
1,748,7/3/02,48,23862,N,5.65,0,5.49,1.8388,1
1,769,7/3/02,36,25500,N,4.95,0,4.85,1.8388,1
3,680,7/3/02,72,23000,N,6.25,0,7.49,1.8388,3
3,688,7/3/02,72,35668,N,6.25,0,7.49,1.8388,1
4,668,7/3/02,72,50000,N,6.25,0,8.99,1.8388,3
1,755,7/3/02,72,32000,N,6.25,0,6.59,1.8388,1
1,776,7/3/02,72,24000,U,6.45,0,6.69,1.8388,3
1,794,7/3/02,36,19873,N,4.95,0,4.85,1.8388,1
1,734,7/3/02,36,32000,N,4.95,0,4.85,1.8388,1
2,720,7/3/02,60,22000,N,5.65,0,4.89,1.8388,2
1,734,7/3/02,48,20000,U,5.85,1,5.85,1.8388,1
4,649,7/3/02,72,19000,N,6.25,0,8.99,1.8388,1
1,786,7/3/02,48,30000,N,5.65,0,5.49,1.8388,3
2,715,7/3/02,72,27371,N,6.25,0,6.99,1.8388,3
3,674,7/5/02,72,24500,U,6.45,0,7.69,1.84,3
1,779,7/3/02,72,21892,N,6.25,0,6.59,1.8388,3
4,660,7/5/02,72,12000,N,6.25,0,8.99,1.84,1
2,722,7/3/02,36,30000,N,4.95,0,5.79,1.8388,3
3,694,7/3/02,48,20000,N,5.65,0,6.99,1.8388,3
1,759,7/3/02,72,40000,N,6.25,0,6.59,1.8388,1
3,671,7/3/02,60,38000,N,5.65,0,6.99,1.8388,1
4,641,7/3/02,72,21808,N,6.25,1,8.99,1.8388,3
1,762,7/3/02,72,38000,N,6.25,0,6.59,1.8388,3
4,668,7/3/02,72,24439,N,6.25,0,8.99,1.8388,3
4,669,7/3/02,60,25000,N,5.65,0,7.99,1.8388,3
3,680,7/3/02,72,35000,N,6.25,0,7.49,1.8388,1
2,702,7/3/02,60,37000,N,5.65,0,5.79,1.8388,1
2,703,7/3/02,72,23000,N,6.25,0,6.99,1.8388,3
1,761,7/3/02,60,43000,N,5.65,0,5.49,1.8388,3
1,769,7/3/02,60,30000,N,5.65,0,5.49,1.8388,3
1,730,7/3/02,72,35000,N,6.25,0,6.59,1.8388,3
1,781,7/3/02,36,32459,N,4.95,0,4.85,1.8388,3
4,640,7/3/02,60,12935,U,5.85,1,7.99,1.8388,3
1,788,7/3/02,60,25151,N,5.65,0,5.49,1.8388,2
2,725,7/3/02,48,20500,N,5.65,0,5.79,1.8388,1
2,700,7/4/02,48,63000,N,5.65,0,5.79,1.84,3
1,783,7/3/02,36,27000,N,4.95,0,4.85,1.8388,1
4,667,7/3/02,60,26200,N,5.65,0,7.99,1.8388,1
2,707,7/3/02,48,22000,N,5.65,0,5.79,1.8388,3
1,795,7/3/02,60,28000,N,5.65,0,5.49,1.8388,3
2,714,7/3/02,60,31000,U,5.85,0,6.19,1.8388,3
4,652,7/5/02,72,23164,N,6.25,0,8.99,1.84,3
1,772,7/3/02,60,37000,N,5.65,0,5.49,1.8388,1
1,755,7/3/02,48,17500,U,5.85,0,5.85,1.8388,1
1,754,7/3/02,60,29071,N,5.65,0,5.49,1.8388,3
1,763,7/3/02,60,42500,N,5.65,0,5.49,1.8388,3
1,743,7/4/02,60,20000,N,5.65,0,5.49,1.84,1
2,724,7/4/02,72,29089,N,6.25,0,6.99,1.84,3
2,703,7/4/02,72,23934.5,U,6.45,1,7.29,1.84,1
1,766,7/4/02,48,32000,N,5.65,0,5.49,1.84,1
1,781,7/4/02,48,40000,N,5.65,0,5.49,1.84,1
4,664,7/4/02,72,14000,N,6.25,0,8.99,1.84,3
2,714,7/4/02,72,26995,N,6.25,0,6.99,1.84,3
4,644,7/4/02,36,14362,N,4.95,0,7.99,1.84,3
2,722,7/4/02,36,25000,N,4.95,0,5.79,1.84,3
1,756,7/4/02,72,20479,U,6.45,1,6.69,1.84,1
1,804,7/4/02,60,32463,N,5.65,0,5.49,1.84,3
2,716,7/4/02,48,22000,U,5.85,0,6.19,1.84,1
2,711,7/4/02,48,33089,N,5.65,0,5.79,1.84,3
3,688,7/4/02,72,31535,N,6.25,0,7.49,1.84,1
1,768,7/4/02,36,30000,N,4.95,0,4.85,1.84,1
2,717,7/5/02,60,28600,N,5.65,0,5.79,1.84,3
4,650,7/4/02,72,20000,N,6.25,0,8.99,1.84,3
3,678,7/4/02,60,45000,N,5.65,0,6.99,1.84,3
1,776,7/5/02,48,20000,N,5.65,0,5.49,1.84,2
4,659,7/4/02,72,27635,N,6.25,0,8.99,1.84,3
3,678,7/4/02,60,36111,N,5.65,0,6.99,1.84,3
1,739,7/4/02,60,30000,N,5.65,0,5.49,1.84,3
1,758,7/4/02,72,23100,N,6.25,0,6.59,1.84,3
4,666,7/4/02,36,14191,U,5.45,0,7.99,1.84,1
4,668,7/4/02,48,24163,N,5.65,0,7.99,1.84,3
1,732,7/4/02,60,20000,N,5.65,0,5.49,1.84,3
4,641,7/4/02,72,37000,N,6.25,0,8.99,1.84,3
3,685,7/4/02,48,42000,N,5.65,0,6.99,1.84,1
4,664,7/4/02,72,20809,N,6.25,0,8.99,1.84,1
1,743,7/4/02,72,30000,N,6.25,0,6.24,1.84,1
3,672,7/4/02,72,23234,U,6.45,1,7.69,1.84,3
4,651,7/4/02,60,37500,N,5.65,0,7.99,1.84,3
3,680,7/4/02,72,24000,N,6.25,0,7.49,1.84,3
3,676,7/4/02,36,30000,N,4.95,0,6.99,1.84,3
1,744,7/4/02,36,40000,U,5.45,0,5.49,1.84,1
2,705,7/4/02,48,25000,N,5.65,0,5.79,1.84,1
1,750,7/4/02,48,42441,N,5.65,0,5.49,1.84,3
2,728,7/4/02,60,30000,N,5.65,0,5.79,1.84,1
1,762,7/4/02,60,33000,N,5.65,0,5.49,1.84,3
3,682,7/4/02,72,14162.4,U,6.45,1,7.69,1.84,1
1,838,7/4/02,48,40000,N,5.65,0,5.49,1.84,1
3,672,7/5/02,60,17500,N,5.65,0,6.99,1.84,3
3,671,7/5/02,60,30709,N,5.65,0,6.14,1.84,3
1,763,7/4/02,72,36913.9,U,6.45,1,6.69,1.84,1
1,815,7/4/02,60,29685,N,5.65,0,5.49,1.84,3
1,762,7/4/02,36,23564.45,N,4.95,1,4.85,1.84,1
2,723,7/4/02,72,27146,U,6.45,0,7.29,1.84,1
1,762,7/4/02,36,25000,N,4.95,0,4.85,1.84,1
1,791,7/5/02,60,40000,N,5.65,0,5.49,1.84,1
4,666,7/5/02,60,14000,N,5.65,0,7.99,1.84,1
4,646,7/4/02,72,22061.41,U,6.45,1,8.99,1.84,1
2,705,7/4/02,66,34000,N,6.25,0,6.39,1.84,1
1,730,7/4/02,60,42000,N,5.65,0,5.49,1.84,3
1,736,7/5/02,72,21301,N,6.25,0,6.59,1.84,3
3,689,7/5/02,60,30000,N,5.65,0,6.99,1.84,3
2,726,7/4/02,36,22000,N,4.95,0,5.79,1.84,3
4,646,7/5/02,72,15000,N,6.25,0,8.99,1.84,3
4,648,7/5/02,60,36500,N,5.65,0,7.99,1.84,1
1,765,7/4/02,36,7598.23,U,5.45,1,5.49,1.84,1
1,741,7/4/02,60,32000,N,5.65,0,5.49,1.84,2
1,761,7/5/02,72,25000,N,6.25,0,6.59,1.84,1
1,771,7/5/02,72,42838,N,6.25,0,6.59,1.84,1
4,669,7/5/02,60,15000,N,5.65,0,7.99,1.84,1
1,747,7/4/02,36,14599.42,N,4.95,1,4.85,1.84,3
1,760,7/4/02,48,23000,N,5.65,0,5.49,1.84,1
4,669,7/5/02,72,23444,N,6.25,0,8.99,1.84,3
3,698,7/5/02,72,33000,N,6.25,0,7.49,1.84,3
3,685,7/5/02,60,19404.75,N,5.65,1,6.99,1.84,3
1,814,7/4/02,60,37640,N,5.65,0,5.49,1.84,3
3,695,7/4/02,60,25077,N,5.65,0,6.99,1.84,3
1,765,7/5/02,60,20000,N,5.65,0,5.49,1.84,3
4,669,7/4/02,72,31000,N,6.25,0,8,1.84,3
1,788,7/4/02,60,29000,N,5.65,0,5.49,1.84,1
3,675,7/4/02,60,18055,N,5.65,0,6.99,1.84,1
1,773,7/4/02,60,34000,N,5.65,0,5.49,1.84,2
3,673,7/4/02,60,32000,N,5.65,0,6.99,1.84,3
1,793,7/4/02,60,31000,U,5.85,0,5.69,1.84,3
1,773,7/4/02,60,18708.85,N,5.65,1,5.49,1.84,3
1,730,7/4/02,60,49000,N,5.65,0,5.49,1.84,3
1,752,7/4/02,36,22500,U,5.45,0,5.49,1.84,1
2,719,7/4/02,48,22100,N,5.65,0,5.79,1.84,3
1,740,7/4/02,72,33000,N,6.25,0,6.59,1.84,3
4,649,7/5/02,72,34000,N,6.25,0,8.99,1.84,3
1,739,7/5/02,72,25000,N,6.25,0,6.59,1.84,1
2,722,7/4/02,72,40724,N,6.25,0,6.99,1.84,1
1,733,7/4/02,48,17082,N,5.65,0,5.49,1.84,3
3,678,7/4/02,36,12204.36,U,5.45,1,7.29,1.84,1
1,788,7/5/02,60,20000,N,5.65,0,5.49,1.84,3
4,645,7/5/02,60,15000,N,5.65,0,7.99,1.84,3
1,742,7/4/02,72,45000,N,6.25,0,6.59,1.84,3
1,768,7/4/02,48,25000,N,5.65,0,5.49,1.84,3
3,698,7/4/02,60,38000,N,5.65,0,6.99,1.84,3
1,750,7/4/02,66,26000,N,6.25,0,6.29,1.84,3
4,646,7/5/02,60,22198,N,5.65,0,7.99,1.84,1
1,827,7/4/02,66,23500,N,6.25,0,6.29,1.84,3
1,759,7/5/02,36,35000,N,4.95,0,4.85,1.84,3
2,719,7/5/02,60,18000,U,5.85,0,6.19,1.84,3
1,774,7/5/02,60,24000,N,5.65,0,5.49,1.84,1
1,806,7/4/02,60,30000,N,5.65,0,5.49,1.84,3
4,650,7/5/02,72,25803,N,6.25,0,8.99,1.84,1
1,750,7/4/02,60,30000,N,5.65,0,5.49,1.84,3
3,688,7/5/02,72,41886,N,6.25,0,7.49,1.84,3
4,647,7/5/02,72,39954,U,6.45,0,8.99,1.84,3
2,707,7/5/02,60,33400,N,5.65,0,5.79,1.84,1
4,640,7/5/02,48,35000,N,5.65,0,7.99,1.84,3
4,646,7/5/02,72,55000,N,6.25,0,8.99,1.84,3
4,651,7/5/02,48,18436,N,5.65,0,7.99,1.84,3
3,687,7/5/02,72,27000,U,6.45,0,7.69,1.84,3
1,741,7/5/02,72,40000,N,6.25,0,6.59,1.84,3
1,736,7/5/02,60,29500,N,5.65,0,5.49,1.84,3
4,662,7/5/02,60,11945,U,5.85,1,7.99,1.84,1
2,703,7/5/02,36,17500,N,4.95,0,5.79,1.84,3
1,834,7/5/02,36,35000,N,4.95,0,4.85,1.84,3
4,640,7/5/02,60,26000,N,5.65,0,7.99,1.84,3
4,660,7/5/02,36,17234,N,4.95,0,7.99,1.84,3
1,775,7/5/02,48,17500,N,5.65,0,5.49,1.84,1
1,749,7/5/02,48,30000,N,5.65,0,5.49,1.84,1
3,692,7/5/02,72,40000,N,6.25,0,7.49,1.84,1
1,730,7/5/02,60,31000,N,5.65,0,5.49,1.84,3
3,696,7/5/02,72,23767.37,N,6.25,1,7.49,1.84,3
1,779,7/5/02,60,40000,N,5.65,0,5.49,1.84,3
1,790,7/5/02,72,45000,N,6.25,0,6.59,1.84,3
1,754,7/5/02,48,27500,N,5.65,0,5.49,1.84,3
4,656,7/5/02,48,34414,N,5.65,0,7.99,1.84,3
2,709,7/5/02,72,30000,N,6.25,0,6.99,1.84,3
1,731,7/5/02,60,40000,N,5.65,0,5.49,1.84,3
3,687,7/5/02,48,22000,N,5.65,0,6.99,1.84,3
1,764,7/5/02,36,35000,N,4.95,0,4.85,1.84,1
4,665,7/5/02,72,20809,U,6.45,1,8.99,1.84,1
2,707,7/5/02,60,27000,N,5.65,0,5.79,1.84,1
2,710,7/5/02,60,30000,N,5.65,0,5.79,1.84,3
1,739,7/5/02,60,37500,N,5.65,0,5.49,1.84,3
2,715,7/5/02,72,18498.5,U,6.45,1,7.29,1.84,1
1,744,7/5/02,60,38500,N,5.65,0,5.49,1.84,1
1,735,7/5/02,60,28000,N,5.65,0,5.49,1.84,1
2,717,7/5/02,36,13111,N,4.95,0,5.79,1.84,3
1,757,7/5/02,66,15000,N,6.25,0,6.29,1.84,1
1,766,7/5/02,60,20000,N,5.65,0,5.49,1.84,3
2,729,7/5/02,60,37500,N,5.65,0,5.79,1.84,3
4,661,7/5/02,60,24000,N,5.65,0,7.99,1.84,3
2,728,7/5/02,72,16566.81,U,6.45,1,7.29,1.84,1
1,772,7/5/02,60,36000,N,5.65,0,5.49,1.84,3
1,757,7/5/02,36,20000,N,4.95,0,4.85,1.84,3
1,761,7/5/02,48,30000,N,5.65,0,5.49,1.84,1
4,658,7/5/02,72,15000,N,6.25,0,8.99,1.84,3
2,729,7/5/02,72,58178,N,6.25,0,6.99,1.84,3
2,704,7/5/02,60,28000,N,5.65,0,5.79,1.84,3
1,771,7/5/02,72,65000,N,6.25,0,6.59,1.84,3
4,664,7/5/02,72,30000,N,6.25,0,8.99,1.84,1
1,747,7/5/02,60,28000,N,5.65,0,5.49,1.84,3
3,687,7/5/02,60,35500,N,5.65,0,6.99,1.84,3
4,663,7/5/02,48,25000,N,5.65,0,7.99,1.84,3
1,801,7/5/02,60,22500,N,5.65,0,5.49,1.84,3
3,686,7/5/02,48,40000,N,5.65,0,6.99,1.84,3
1,770,7/5/02,60,32000,N,5.65,0,5.49,1.84,1
1,753,7/5/02,36,10332.44,N,4.95,1,4.85,1.84,1
1,758,7/5/02,60,26000,N,5.65,0,5.49,1.84,1
2,717,7/5/02,60,35000,N,5.65,0,5.79,1.84,1
3,680,7/5/02,60,22000,N,5.65,0,6.99,1.84,3
3,682,7/5/02,60,32000,N,5.65,0,6.99,1.84,3
1,801,7/5/02,36,22500,N,4.95,0,4.85,1.84,3
1,739,7/5/02,48,35000,N,5.65,0,5.49,1.84,3
1,771,7/5/02,72,47000,N,6.25,0,6.59,1.84,3
1,744,7/5/02,60,34710,N,5.65,0,5.49,1.84,3
3,671,7/5/02,72,42000,N,6.25,0,7.49,1.84,3
1,738,7/5/02,60,29071,N,5.65,0,5.49,1.84,1
1,765,7/5/02,72,36000,N,6.25,0,6.59,1.84,1
4,645,7/5/02,72,29000,N,6.25,0,8.99,1.84,3
1,755,7/5/02,36,33000,N,4.95,0,4.85,1.84,1
1,756,7/5/02,60,25000,U,5.85,0,5.85,1.84,3
2,716,7/5/02,72,26950,U,6.45,0,7.29,1.84,1
1,730,7/5/02,60,28000,N,5.65,0,5.49,1.84,1
2,719,7/5/02,72,33000,N,6.25,0,6.99,1.84,3
2,720,7/5/02,60,45000,N,5.65,0,5.79,1.84,3
2,723,7/5/02,48,22000,N,5.65,0,5.79,1.84,3
1,775,7/5/02,66,35000,N,6.25,0,6.29,1.84,1
4,662,7/5/02,60,18000,N,5.65,0,7.99,1.84,3
1,738,7/5/02,36,20601,N,4.95,0,4.85,1.84,3
3,673,7/5/02,72,25313,N,6.25,0,7.49,1.84,3
1,756,7/5/02,48,37000,U,5.85,0,5.85,1.84,1
4,661,7/5/02,60,23000,N,5.65,0,7.99,1.84,3
1,778,7/5/02,60,26000,N,5.65,0,5.49,1.84,3
1,752,7/5/02,36,22000,N,4.95,0,4.85,1.84,1
4,661,7/5/02,36,45000,N,4.95,0,7.99,1.84,1
3,695,7/5/02,72,35000,N,6.25,0,7.49,1.84,3
1,755,7/5/02,36,17500,N,4.95,0,4.85,1.84,3
2,718,7/5/02,60,25230,N,5.65,0,5.79,1.84,2
1,739,7/5/02,36,20000,N,4.95,0,4.85,1.84,3
1,765,7/5/02,60,23256,N,5.65,0,5.49,1.84,3
4,657,7/5/02,60,25158,N,5.65,0,7.99,1.84,3
3,678,7/5/02,36,22518,N,4.95,0,6.99,1.84,1
1,811,7/5/02,36,8669.69,U,5.45,1,5.49,1.84,1
3,692,7/5/02,60,31000,N,5.65,0,6.99,1.84,3
1,742,7/5/02,36,23368.25,N,4.95,1,4.85,1.84,3
3,670,7/5/02,36,17500,N,4.95,0,6.99,1.84,1
3,677,7/5/02,48,40000,N,5.65,0,6.99,1.84,3
1,783,7/5/02,60,12314,U,5.85,0,5.85,1.84,3
4,651,7/5/02,72,30798,N,6.25,0,8.99,1.84,3
1,783,7/5/02,60,30000,N,5.65,0,5.49,1.84,1
3,676,7/5/02,36,30000,N,4.95,0,6.99,1.84,1
1,786,7/5/02,60,28513,N,5.65,0,5.49,1.84,2
2,724,7/5/02,36,30000,N,4.95,0,5.79,1.84,1
4,669,7/5/02,60,30000,N,5.65,0,7.99,1.84,3
3,680,7/5/02,60,42323,N,5.65,0,6.99,1.84,1
1,796,7/5/02,36,25000,N,4.95,0,4.85,1.84,1
1,763,7/5/02,36,17500,N,4.95,0,4.85,1.84,1
1,752,7/5/02,48,30000,N,5.65,0,5.49,1.84,3
1,762,7/5/02,36,23000,N,4.95,0,4.85,1.84,3
1,755,7/5/02,60,35000,N,5.65,0,5.49,1.84,3
2,702,7/5/02,48,20000,N,5.65,0,5.79,1.84,1
1,799,7/5/02,60,32000,N,5.65,0,5.49,1.84,3
2,704,7/5/02,48,25453,N,5.65,0,5.79,1.84,1
1,778,7/5/02,48,19499,N,5.65,0,5.49,1.84,1
2,726,7/6/02,48,25000,U,5.85,0,6.19,1.84,3
1,737,7/5/02,72,35501,N,6.25,0,6.59,1.84,3
3,674,7/5/02,72,30000,N,6.25,0,7.49,1.84,1
1,781,7/5/02,36,26000,N,4.95,0,4.85,1.84,1
1,731,7/5/02,60,26861.24,U,5.85,0,5.85,1.84,3
1,735,7/5/02,72,12000,N,6.25,0,6.69,1.84,1
1,752,7/5/02,72,36000,N,6.25,1,6.59,1.84,3
1,760,7/5/02,72,16693.6,N,6.25,1,6.59,1.84,1
2,713,7/5/02,60,24500,N,5.65,0,5.79,1.84,3
1,779,7/5/02,36,38997,N,4.95,0,4.85,1.84,3
2,722,7/5/02,48,25000,N,5.65,0,5.79,1.84,3
1,775,7/5/02,72,21301,U,6.45,0,6.69,1.84,3
4,660,7/5/02,72,23222.06,U,6.45,1,8.99,1.84,1
4,659,7/5/02,60,31890,N,5.65,0,7.99,1.84,3
2,704,7/5/02,48,11500,U,5.85,1,6.19,1.84,3
1,810,7/5/02,72,22100,N,6.25,0,6.59,1.84,1
1,782,7/6/02,72,33000,N,6.25,0,6.59,1.84,3
3,679,7/5/02,60,17000,U,5.85,1,7.29,1.84,2
1,827,7/5/02,60,29500,N,5.65,0,5.49,1.84,3
3,685,7/5/02,72,23000,N,6.25,0,7.49,1.84,3
4,662,7/5/02,60,33911,U,5.85,0,7.99,1.84,1
1,779,7/5/02,36,10000,N,4.95,1,4.85,1.84,1
1,780,7/5/02,72,34550,N,6.25,0,6.59,1.84,3
1,794,7/5/02,60,21300,N,5.65,0,5.49,1.84,3
2,714,7/5/02,36,19827,N,4.95,0,5.79,1.84,3
3,684,7/5/02,60,29000,N,5.65,0,6.99,1.84,1
3,677,7/5/02,72,26000,N,6.25,0,7.49,1.84,1
1,756,7/5/02,60,27025.63,N,5.65,1,5.49,1.84,3
3,683,7/5/02,72,20000,N,6.25,0,7.49,1.84,3
4,657,7/5/02,72,22000,N,6.25,0,8.99,1.84,3
1,759,7/5/02,60,18688,N,5.65,0,5.49,1.84,3
1,770,7/5/02,36,18500,N,4.95,0,4.85,1.84,3
1,777,7/5/02,60,21000,N,5.65,0,5.49,1.84,3
3,683,7/5/02,36,27000,N,4.95,0,6.99,1.84,3
2,709,7/5/02,48,23756,U,5.85,0,6.19,1.84,3
1,770,7/5/02,60,30000,N,5.65,0,5.49,1.84,3
2,710,7/5/02,48,36350,N,5.65,0,5.79,1.84,3
2,710,7/5/02,60,38000,N,5.65,0,5.79,1.84,1
3,686,7/5/02,72,31122,U,6.45,0,7.69,1.84,1
2,726,7/5/02,60,13000,U,5.85,1,6.19,1.84,2
2,714,7/5/02,60,24895,U,5.85,1,6.19,1.84,2
3,675,7/5/02,36,6454.29,U,5.45,1,7.29,1.84,1
4,642,7/5/02,72,20000,N,6.25,0,8.99,1.84,3
4,646,7/5/02,36,17500,N,4.95,0,7.99,1.84,3
4,654,7/5/02,60,30000,N,5.65,0,7.99,1.84,3
1,746,7/6/02,60,30000,N,5.65,0,5.69,1.84,1
3,678,7/5/02,60,25000,N,5.65,0,6.14,1.84,1
4,668,7/5/02,48,15289,N,5.65,0,7.99,1.84,3
3,677,7/5/02,60,37000,N,5.65,0,6.99,1.84,3
4,663,7/5/02,72,26452,U,6.45,0,8.99,1.84,1
4,660,7/5/02,72,29000,U,6.45,0,8.99,1.84,3
2,714,7/5/02,60,31500,N,5.65,0,5.79,1.84,3
1,753,7/5/02,60,28999,N,5.65,0,5.49,1.84,3
4,654,7/5/02,60,30272,N,5.65,0,7.99,1.84,1
1,754,7/5/02,72,40000,U,6.45,0,6.69,1.84,3
1,780,7/6/02,72,33000,N,6.25,0,6.59,1.84,3
4,667,7/6/02,48,16801,N,5.65,0,7.99,1.84,3
3,683,7/6/02,72,40270,U,6.45,0,7.69,1.84,3
4,662,7/6/02,72,29000,N,6.25,0,8.99,1.84,3
1,783,7/6/02,48,19430,N,5.65,0,5.49,1.84,3
1,765,7/6/02,60,30500,N,5.65,0,5.49,1.84,3
1,731,7/6/02,60,43853,N,5.65,0,5.49,1.84,1
1,795,7/6/02,48,21500,N,5.65,0,5.49,1.84,1
1,782,7/6/02,60,17500,U,5.85,0,5.85,1.84,3
4,658,7/6/02,60,23678,N,5.65,0,7.99,1.84,3
1,757,7/6/02,36,32000,N,4.95,0,4.85,1.84,3
1,736,7/6/02,60,36991,N,5.65,0,5.49,1.84,1
2,714,7/6/02,72,30500,N,6.25,0,6.99,1.84,1
1,784,7/6/02,72,43680,N,6.25,0,6.59,1.84,3
3,678,7/6/02,72,17500,N,6.25,0,7.49,1.84,1
3,678,7/6/02,72,37000,N,6.25,0,7.49,1.84,3
4,650,7/6/02,60,30000,N,5.65,0,7.99,1.84,3
3,684,7/6/02,36,28000,N,4.95,0,6.99,1.84,1
1,793,7/6/02,36,19053,N,4.95,0,4.85,1.84,3
1,803,7/6/02,60,27000,N,5.65,0,5.49,1.84,3
2,701,7/6/02,60,31000,N,5.65,0,5.79,1.84,1
1,780,7/6/02,72,34000,N,6.25,0,6.59,1.84,1
1,741,7/6/02,60,30000,N,5.65,0,5.49,1.84,1
1,786,7/6/02,60,40000,N,5.65,0,5.49,1.84,1
1,778,7/6/02,72,45000,N,6.25,0,6.59,1.84,3
1,794,7/6/02,72,44000,N,6.25,0,6.59,1.84,3
3,683,7/6/02,72,34000,U,6.45,0,7.69,1.84,3
3,676,7/6/02,72,24933,N,6.25,0,7.49,1.84,3
3,693,7/6/02,72,25313,N,6.25,0,7.49,1.84,3
1,766,7/6/02,72,29000,N,6.25,0,6.59,1.84,1
3,693,7/6/02,60,19597.95,U,5.85,1,7.29,1.84,1
3,675,7/6/02,36,14189,N,4.95,0,6.99,1.84,1
3,689,7/6/02,72,34500,N,6.25,0,7.49,1.84,1
4,666,7/6/02,72,27285,N,6.25,0,8.99,1.84,1
1,754,7/6/02,60,28000,N,5.65,0,5.49,1.84,1
1,803,7/6/02,60,24000,N,5.65,0,5.49,1.84,1
1,755,7/6/02,72,37000,N,6.25,0,6.59,1.84,1
1,765,7/6/02,48,22000,N,5.65,0,5.49,1.84,3
1,755,7/6/02,72,20743.66,N,6.25,1,6.59,1.84,3
2,713,7/6/02,72,14466.05,N,6.25,1,6.99,1.84,1
1,749,7/6/02,48,20000,N,5.65,0,5.49,1.84,1
1,730,7/6/02,36,22191,N,4.95,0,4.85,1.84,3
3,699,7/6/02,66,25766,N,6.25,0,7.49,1.84,3
2,723,7/6/02,36,18000,N,4.95,0,5.79,1.84,1
1,738,7/6/02,36,15937.51,N,4.95,1,4.85,1.84,1
3,680,7/6/02,72,34000,U,6.45,0,7.69,1.84,1
1,784,7/6/02,72,46000,N,6.25,0,6.59,1.84,3
1,746,7/6/02,72,47000,N,6.25,0,6.59,1.84,3
1,760,7/6/02,60,26000,N,5.65,0,5.49,1.84,3
1,769,7/6/02,60,35000,N,5.65,0,5.49,1.84,1
3,670,7/6/02,72,19195.67,U,6.45,1,7.69,1.84,3
3,692,7/6/02,72,20000,N,6.25,0,7.49,1.84,1
4,669,7/6/02,60,22000,N,5.65,0,7.99,1.84,1
3,673,7/6/02,72,65000,N,6.25,0,7.49,1.84,1
3,693,7/6/02,60,44000,N,5.65,0,6.99,1.84,3
1,756,7/6/02,48,33000,N,5.65,0,5.49,1.84,1
2,729,7/6/02,60,43000,N,5.65,0,5.79,1.84,3
1,740,7/6/02,60,28000,U,5.85,0,5.85,1.84,2
4,649,7/6/02,72,17000,N,6.25,0,8.99,1.84,1
4,644,7/6/02,60,16706.97,U,5.85,1,7.99,1.84,1
2,724,7/6/02,72,35000,N,6.25,0,6.99,1.84,1
1,803,7/6/02,36,14000,N,4.95,1,4.85,1.84,3
2,716,7/6/02,66,37000,N,6.25,0,6.39,1.84,1
2,721,7/6/02,72,22000,N,6.25,0,6.99,1.84,3
1,784,7/6/02,36,26411,N,4.95,0,4.85,1.84,1
4,643,7/6/02,72,15500,N,6.25,0,8.99,1.84,1
2,721,7/6/02,60,28000,N,5.65,0,5.79,1.84,1
2,715,7/6/02,60,33500,N,5.65,0,5.79,1.84,1
2,716,7/6/02,60,20595,N,5.65,0,5.79,1.84,3
1,743,7/6/02,48,25000,N,5.65,0,5.49,1.84,1
1,800,7/6/02,60,29776.25,N,5.65,1,5.49,1.84,3
1,810,7/6/02,72,24000,N,6.25,0,6.59,1.84,1
4,645,7/6/02,36,43000,N,4.95,0,7.99,1.84,1
1,784,7/6/02,72,33000,U,6.45,0,6.69,1.84,3
3,696,7/6/02,60,43500,N,5.65,0,6.99,1.84,1
1,765,7/6/02,60,29847,N,5.65,0,5.49,1.84,1
3,686,7/6/02,60,50000,N,5.65,0,6.99,1.84,1
1,780,7/6/02,48,40000,N,5.65,0,5.49,1.84,1
1,760,7/6/02,36,20000,N,4.95,0,4.85,1.84,3
2,720,7/6/02,72,30000,N,6.25,0,6.99,1.84,3
1,810,7/6/02,36,24000,N,4.95,0,4.85,1.84,1
4,667,7/6/02,60,23000,N,5.65,0,7.99,1.84,1
3,676,7/6/02,72,26000,N,6.25,0,7.49,1.84,2
1,771,7/6/02,60,35000,N,5.65,0,5.49,1.84,3
1,745,7/6/02,60,22000,N,5.65,0,5.49,1.84,3
1,753,7/6/02,48,21000,U,5.85,0,5.85,1.84,3
1,785,7/6/02,72,30000,N,6.25,0,6.59,1.84,3
4,645,7/6/02,72,33500,N,6.25,0,8.99,1.84,1
3,676,7/6/02,72,30000,U,6.45,0,7.69,1.84,1
2,717,7/6/02,72,15619.28,U,6.45,1,7.29,1.84,3
2,715,7/6/02,60,29500,N,5.65,0,5.79,1.84,2
1,741,7/6/02,60,10713.67,U,5.85,1,5.79,1.84,2
1,788,7/6/02,60,27000,N,5.65,0,5.49,1.84,2
1,801,7/6/02,36,20000,N,4.95,0,4.85,1.84,3
1,787,7/6/02,36,33122,N,4.95,0,4.85,1.84,3
1,730,7/6/02,36,12000,U,5.45,1,5.49,1.84,3
1,816,7/6/02,48,23000,N,5.65,0,5.49,1.84,3
3,689,7/6/02,60,24137.5,N,5.65,1,6.99,1.84,2
3,695,7/6/02,72,36000,N,6.25,0,7.49,1.84,1
2,717,7/6/02,72,32259,N,6.25,0,6.99,1.84,1
4,654,7/6/02,60,25973,N,5.65,0,7.99,1.84,1
1,753,7/6/02,60,20046.32,N,5.65,1,5.49,1.84,3
1,742,7/6/02,72,23020,N,6.25,0,6.59,1.84,3
1,784,7/6/02,60,30000,N,5.65,0,5.49,1.84,3
3,671,7/6/02,60,35000,N,5.65,0,6.99,1.84,1
3,696,7/6/02,60,23071,U,5.85,0,7.29,1.84,3
2,717,7/6/02,72,18341.85,U,6.45,1,7.29,1.84,3
3,685,7/6/02,60,30000,N,5.65,0,6.99,1.84,3
1,743,7/6/02,60,37000,N,5.65,0,5.49,1.84,3
4,661,7/6/02,60,18720,N,5.65,0,7.99,1.84,3
4,659,7/6/02,72,40000,N,6.25,0,8.99,1.84,1
4,647,7/6/02,72,48000,N,6.25,0,8.99,1.84,3
4,664,7/6/02,60,14214.75,U,5.85,1,7.99,1.84,2
1,775,7/6/02,60,43000,N,5.65,0,5.49,1.84,3
3,670,7/6/02,72,39000,N,6.25,0,7.49,1.84,3
1,768,7/6/02,60,39000,N,5.65,0,5.49,1.84,3
1,739,7/6/02,48,25000,N,5.65,0,5.49,1.84,3
4,640,7/6/02,60,13995,U,5.85,1,7.99,1.84,3
3,696,7/6/02,48,28000,N,5.65,0,6.99,1.84,3
3,684,7/6/02,48,30729,N,5.65,0,6.99,1.84,1
1,732,7/6/02,60,30300,N,5.65,0,5.49,1.84,3
4,652,7/6/02,72,18000,U,6.45,0,8.99,1.84,1
1,774,7/6/02,60,32000,N,5.65,0,5.49,1.84,3
4,660,7/6/02,72,10000,N,6.25,0,8.99,1.84,1
1,746,7/6/02,60,26555,N,5.65,0,5.49,1.84,1
1,751,7/7/02,60,31000,N,5.65,0,5.49,1.84,3
1,747,7/7/02,48,55000,N,5.65,0,5.49,1.84,1
1,770,7/8/02,48,31000,N,5.49,0,5.49,1.84,3
1,821,7/7/02,60,12615,N,5.65,1,5.49,1.84,3
2,719,7/7/02,60,20000,N,5.65,0,5.79,1.84,3
2,719,7/7/02,48,31500,N,5.65,0,5.79,1.84,3
4,656,7/7/02,60,30000,N,5.65,0,7.99,1.84,3
3,675,7/7/02,60,28800,U,5.85,0,7.29,1.84,1
4,656,7/7/02,60,30000,N,5.65,0,7.99,1.84,1
1,781,7/7/02,72,25000,N,6.25,0,6.59,1.84,3
3,681,7/7/02,60,37000,N,5.65,0,6.99,1.84,3
4,651,7/7/02,72,19800,N,6.25,0,8.99,1.84,3
3,691,7/7/02,60,28000,N,5.65,0,6.99,1.84,3
1,735,7/7/02,72,28000,N,6.25,0,6.59,1.84,3
1,774,7/7/02,60,35000,N,5.65,0,5.49,1.84,2
1,807,7/7/02,48,23000,N,5.65,0,5.49,1.84,1
4,652,7/7/02,72,27000,N,6.25,0,8.99,1.84,1
3,696,7/7/02,60,22000,N,5.65,0,6.99,1.84,2
1,733,7/7/02,48,26000,N,5.65,0,5.49,1.84,3
4,668,7/7/02,48,15000,N,5.65,0,7.99,1.84,3
3,702,7/7/02,60,12591.33,U,5.85,0,4.89,1.84,1
3,681,7/7/02,36,17500,U,5.45,0,7.29,1.84,1
3,680,7/8/02,72,35000,U,6.45,0,7.69,1.84,1
1,789,7/7/02,48,50000,N,5.65,0,5.49,1.84,1
3,661,7/7/02,60,17620,U,5.85,1,6.44,1.84,2
1,752,7/7/02,72,25221,N,6.25,0,6.59,1.84,3
4,645,7/7/02,72,20000,N,6.25,0,8.99,1.84,1
3,697,7/7/02,60,50000,N,5.65,0,6.99,1.84,3
1,770,7/7/02,60,31500,U,5.85,0,5.85,1.84,1
3,681,7/7/02,60,19000,N,5.65,0,6.99,1.84,3
1,731,7/7/02,36,33122,N,4.95,0,4.85,1.84,3
4,664,7/7/02,60,35000,N,5.65,0,7.99,1.84,3
2,723,7/7/02,72,20944,N,6.25,0,6.99,1.84,1
3,680,7/7/02,60,26000,N,5.65,0,6.99,1.84,2
3,688,7/7/02,72,34092,N,6.25,0,7.49,1.84,1
1,758,7/7/02,60,22000,U,5.85,0,5.85,1.84,3
1,765,7/7/02,60,30000,N,5.65,0,5.49,1.84,3
3,672,7/7/02,72,39773,N,6.25,0,7.49,1.84,1
2,710,7/7/02,48,35000,N,5.65,0,5.79,1.84,3
4,662,7/7/02,72,32462,N,6.25,0,8.99,1.84,1
4,659,7/7/02,72,30000,N,6.25,0,8.99,1.84,3
2,726,7/7/02,60,28072,N,5.65,0,5.79,1.84,3
1,740,7/8/02,36,65000,N,4.79,0,4.85,1.84,3
3,699,7/7/02,60,36000,N,5.65,0,6.99,1.84,3
3,711,7/7/02,60,16500,N,5.65,1,6.99,1.84,3
2,700,7/7/02,36,40000,N,4.95,0,5.79,1.84,3
3,685,7/7/02,72,34793,U,6.45,0,7.69,1.84,3
2,715,7/7/02,60,15988.31,U,5.85,1,6.19,1.84,2
4,667,7/7/02,60,38000,N,5.65,0,7.99,1.84,3
2,721,7/7/02,60,41191,N,5.65,0,5.79,1.84,3
3,681,7/7/02,72,27030,N,6.25,0,7.49,1.84,1
1,739,7/7/02,72,23667,N,6.25,0,6.59,1.84,3
1,780,7/7/02,60,30000,N,5.65,0,5.49,1.84,3
1,770,7/7/02,72,40000,N,6.25,0,6.59,1.84,1
4,661,7/7/02,48,19000,N,5.65,0,7.99,1.84,1
1,744,7/7/02,60,50000,N,5.65,0,5.49,1.84,3